Corridor,Busiest hour,v/c at peak,Speed at peak km/h,Hours with v/c ≥ 0.8,v/c morning (07h),v/c evening (17h),Jams mostly in
Link Bigogwe – Nyabirasi,07:00–08:00,3.89557037899384,0.8440189180212907,19,3.89557037899384,3.704654716251833,Both equally
Link Ruhashya – Cyanika (1),07:00–08:00,3.3806064062345684,1.4569054139072533,16,3.3806064062345684,2.939379525886188,Morning
Link Ruhashya – Muganza (1),07:00–08:00,3.830964441379328,0.9006570244719528,17,3.830964441379328,3.512115811554446,Morning
Link Kibeho – Ruhashya,17:00–18:00,2.7143176131623536,3.2815386664777666,16,2.478166872422667,2.7143176131623536,Evening
Link Bumbogo – Jali,07:00–08:00,4.442902011401785,0.5046558009247339,19,4.442902011401785,4.1593859367790165,Both equally
Link Mamba – Ruhashya,07:00–08:00,3.1282225054369177,1.9525895739938481,17,3.1282225054369177,3.011259384554228,Both equally
Link Jali – Gahanga,07:00–08:00,4.207324529352991,0.6249754103902112,18,4.207324529352991,3.9943494348216895,Both equally
Link Muyumbu – Bumbogo,07:00–08:00,3.212126624139278,1.7679904114654639,17,3.212126624139278,2.9666804751043054,Morning
Link Jali – Nduba,07:00–08:00,3.4714412085351367,1.316734096698001,17,3.4714412085351367,3.359291825110449,Both equally
Link Gahanga – Bumbogo,07:00–08:00,3.908960609426092,0.8328327905736024,17,3.908960609426092,3.7195716725006993,Both equally
Link Nduba – Bumbogo,07:00–08:00,3.443036276246279,1.35873434236371,17,3.443036276246279,3.2474633618721414,Both equally
Link Murambi (3) – Bumbogo,07:00–08:00,2.0304084381504035,8.452315650969613,11,2.0304084381504035,1.9725494771936103,Both equally
