Corridor,Class,Length km,Flow veh/h,v/c (mean),v/c (max),Speed km/h,Free-flow km/h,Delay veh-h,Veh-km,Main sector,Level of service,Rank
Link Bigogwe – Nyabirasi,primary,18.82454362961903,4674.684454792608,3.89557037899384,5.220976773597502,0.49999977296566667,30.0,450828.9785298087,175997.6029478906,Cyanzarwe,Congested,1
Link Ruhashya – Cyanika (1),primary,26.43027777379514,4056.7276874814816,3.3806064062345684,4.552158084623662,0.8573494788949446,30.0,318326.56090713304,214440.8792655623,Mbazi (1),Congested,2
Link Ruhashya – Muganza (1),primary,18.777654791876973,4597.157329655193,3.830964441379328,4.733502885107608,0.6792247885137089,30.000000000000004,291999.5035187044,172647.66672042437,Kibirizi (1),Congested,3
Link Kibeho – Ruhashya,primary,33.95822664288341,2973.8002469072007,2.478166872422667,4.095474224626816,1.3549538252792257,30.0,234852.61937227496,201969.96555027473,Rusenge,Congested,4
Link Bumbogo – Jali,primary,9.86199532111019,5331.482413682143,4.442902011401785,4.496160062440366,0.5042283776002022,30.0,205165.0416023977,105158.1092366291,Kimihurura,Congested,5
Link Mamba – Ruhashya,primary,25.89270600002417,3753.8670065243014,3.1282225054369177,4.154644786581176,1.209215949138588,30.0,198680.51628325752,194395.5495262491,Musha (1),Congested,6
Link Jali – Gahanga,primary,9.133250088496862,5048.78943522359,4.207324529352991,4.800819438286967,0.5593662623758848,30.000000000000004,173527.05418925747,92223.71311211574,Kigarama (1),Congested,7
Link Muyumbu – Bumbogo,primary,13.874907887970206,3854.5519489671337,3.212126624139278,4.550862082809865,0.8799544077565692,30.0,164419.62337140838,106963.10648263003,Ndera,Congested,8
Link Jali – Nduba,primary,11.430771757870117,4165.729450242164,3.4714412085351367,4.692221768936427,0.7637403187561913,30.000000000000004,159958.89710207144,95235.00510151187,Kinyinya,Congested,9
Link Gahanga – Bumbogo,primary,10.470136994930671,4690.75273131131,3.908960609426092,4.66860746154452,0.6817043401376945,30.0,158790.45671675235,98225.64741234927,Niboye,Congested,10
Link Nduba – Bumbogo,primary,14.591735919387814,4131.643531495534,3.443036276246279,4.425651844488152,0.9224941320252006,30.0,156537.1377184504,120575.70264925942,Kinyinya,Congested,11
Link Murambi (3) – Bumbogo,primary,25.248393238318506,2436.4901257804845,2.0304084381504035,4.0059667833507095,1.4767544443088199,30.0,156286.59008107503,123034.92163397158,Gikomero,Congested,12
Link Rugarika – Jali,primary,13.42591829496257,3895.2761904728686,3.246063492060724,4.4163374388342165,0.9701499258059868,30.0,138438.512673334,104595.31973920358,Kigali,Congested,13
Link Muhondo – Jali,primary,28.145740765976974,2298.2168457344187,1.915180704778682,3.8069422918037934,1.7907117776311319,30.0,135034.70543034025,129370.03112808448,Kanyinya,Congested,14
Link Ntarama – Jali,primary,25.521189373373378,3520.817805564693,2.9340148379705777,3.7582841541025567,1.719305266061013,30.0,121215.75400206672,179710.91592992283,Mageregere,Congested,15
Link Kinigi – Gacaca,primary,12.011077816029267,4557.594934624874,3.7979957788540624,4.011414467193953,0.9145580388720609,30.0,117505.39210941747,109483.25482744038,Musanze,Congested,16
Link Butaro – Kinigi,primary,29.75045743338389,2179.9141440888607,1.8165951200740502,3.5763215630364713,2.2609167332903994,30.0,104430.58351947734,129706.88590429423,Gahunga,Congested,17
Link Kinigi – Rambura,primary,24.12017856997587,3302.412497726452,2.7520104147720437,3.617061542438791,2.0286062330249894,30.0,93062.80887533771,159309.5583137641,Gataraga,Congested,18
Link Nyabirasi – Rambura,primary,35.05044715512536,3064.82755057063,2.5540229588088583,3.3494949149054043,2.688796038275423,30.000000000000004,92199.67145850766,214847.15220169636,Bigogwe,Congested,19
Link Rambura – Bigogwe,primary,19.702404111079566,3573.38621278202,2.977821843985017,3.6641732152227853,1.8085918600658977,30.000000000000004,85550.55890048256,140808.59841838302,Jenda,Congested,20
Link Butare – Giheke,primary,23.75719031934246,3442.614589972119,2.868845491643433,3.3775555916871314,2.292254898639727,30.0,73093.777843117,163573.7000202255,Nkungu,Congested,21
Link Gacaca – Butaro,primary,25.12555827556127,2657.46438475233,2.214553653960275,3.26512122551186,3.1049569203625262,30.0,56267.40022956245,133540.55252864648,Kinoni,Congested,22
Link Rongi – Muzo,primary,24.356153950037534,2884.0603296026543,2.403383608002212,3.2580603849980516,3.0357438326246893,30.0,54950.240996767345,140489.2347779965,Ngororero,Congested,23
Link Bigogwe – Muzo,primary,38.14198423951344,2190.812190824041,1.8256768256867006,2.962343616232361,4.416583142869487,29.999999999999996,52242.89292560388,167123.84810828898,Karago,Congested,24
Link Kinigi – Muzo,primary,36.30961524175367,2681.9503642248646,2.2349586368540533,2.951749119073908,4.230168643448123,29.999999999999996,50573.8921829636,194761.17164497188,Nkotsi,Congested,25
Link Gakenke – Gacaca,primary,31.93111576351179,1894.5878923449761,1.5788232436208136,3.033429974483903,4.081432469740729,30.0,49207.94901964143,120992.61062923049,Gashaki,Congested,26
Link Ntarama – Gahanga,primary,17.107325309881034,3454.869817561712,2.8790581813014264,3.1389992244776717,2.5400425088831247,30.0,43932.140572611796,118207.1637446351,Mageregere,Congested,27
Link Muhanda – Muzo,primary,27.438282170262816,2491.1939608005323,2.0759949673337763,3.0178107795775815,4.084599254659334,30.0,41515.704274190146,136708.1656745993,Kabaya,Congested,28
Link Muzo – Gacaca,primary,27.688893684666215,2995.6621302451967,2.4963851085376647,2.9033827859137,3.866603705508766,30.0,40890.40284142079,165893.14047907994,Rusasa,Congested,29
Link Mutete – Nduba,primary,25.47477457131267,2212.990243681671,1.8441585364013926,3.0056059451807253,4.203547602285259,30.0,37513.219199673986,112750.8551726097,Ntarabana,Congested,30
Link Giheke – Bushekeri,primary,22.609803497080343,3118.9817332499697,2.599151444374975,2.889980810744354,3.588075400792025,30.0,36238.40702318497,141039.12819952975,Bushenge,Congested,31
Link Nyarusange – Byimana,primary,18.792417455640585,3262.5669748783444,2.71880581239862,2.934509719096877,3.1559339285804313,30.0,35616.10944525934,122623.0411378006,Muhanga,Congested,32
Link Nyabirasi – Muhanda,primary,43.77270697751924,2435.7599297055513,2.029799941421293,2.612528281007108,6.220548403504435,30.000000000000004,33630.39007354726,213239.61134116794,Nyabirasi,Congested,33
Link Rongi – Muhanda,primary,25.66193664352603,2673.9020009416636,2.228251667451387,2.90571534393904,4.424563278943378,30.0,33274.81042891964,137235.0074783249,Ngororero,Congested,34
Link Gacaca – Rambura,primary,23.057675775792326,2911.992752982963,2.4266606274858025,2.8859887709598553,4.094819569538901,29.999999999999996,31774.60094981932,134287.56951947615,Kimonyi,Congested,35
Link Muyumbu – Gahanga,primary,20.19023248521609,2341.470800356549,1.9512256669637906,3.001093762212564,4.205586216672727,30.0,29563.134475704734,94549.67963308742,Kanombe,Congested,36
Link Juru – Gahanga,primary,19.50931053606035,1938.8043110469434,1.615670259205786,3.0116968622133653,4.183823428727546,30.0,29003.496045626976,75649.47074573472,Mwogo,Congested,37
Link Gahanga – Rugarika,primary,17.216259955186565,2974.1791673824587,2.478482639485382,3.0089302674715834,3.646210693643648,30.0,28374.97652715015,102408.48339791349,Kigali,Congested,38
Link Nduba – Gahanga,primary,20.00117111535536,3038.791278186672,2.5323260651555604,2.7585804277405632,4.0191859320192105,30.0,26997.121912703107,121558.76867772211,Kacyiru,Congested,39
Link Muzo – Rambura,primary,20.896890232826415,2649.2510630869665,2.2077092192391388,2.866995742745477,4.616551183746891,30.0,25402.722121682793,110722.21732905405,Rurembo,Congested,40
Link Ruhango (2) – Muhanda,primary,26.347483333984673,2415.3217188590625,2.0127680990492185,2.7486065265138553,5.474382672469042,30.0,25336.782134701516,127275.29746770073,Murunda,Congested,41
Link Ruhango (2) – Mukura (2),primary,26.91566592443405,2462.875778939712,2.0523964824497596,2.7178732824990877,5.586693823036206,30.0,24778.557925389377,132579.88335864316,Mushubati,Congested,42
Link Mukura (2) – Twumba,primary,21.229712948791434,2852.610999833905,2.3771758331949213,2.7600798771346393,4.587926010503129,30.0,24421.51718749027,121120.22536207747,Gitesi,Congested,43
Link Mutete – Byumba,primary,25.494509122177536,2444.9430290784594,2.03745252423205,2.7207591556317956,5.594930985909713,30.0,23502.468779492818,124665.24471609032,Kageyo (2),Congested,44
Link Musambira – Rugarika,primary,16.73060107468608,2178.413891610634,1.8153449096755283,2.9552722864988223,4.45345975822344,30.0,22642.32510519501,72892.34759218393,Gacurabwenge,Congested,45
Link Muhondo – Rugarika,primary,22.716153032749148,2640.929193322956,2.20077432776913,2.709508535350363,5.303155484071269,30.0,21794.259007820154,119983.50340835805,Shyrongi,Congested,46
Link Muganza (1) – Cyanika (1),primary,44.56406996566986,2443.3772412072635,2.0361477010060525,2.247682575059722,8.009536594005871,30.0,20746.90768681149,217773.6686593718,Ngoma (2),Congested,47
Link Nyagihanga – Kabarore,primary,22.618587559600442,2762.9924609518503,2.3024937174598756,2.495546982737785,5.56185591542321,30.0,18803.769329269617,124989.97380911067,Gitoki,Congested,48
Link Muyumbu – Murambi (3),primary,20.557920209597075,2558.637735294968,2.1321981127458063,2.663502270974487,5.695580206326052,30.0,17831.689366565814,105200.54081491622,Rusororo,Congested,49
Link Rwempasha – Kiyombe,primary,20.25162871928458,2589.5376164036925,2.1579480136697433,2.65507456504633,5.662831450094372,30.000000000000004,17567.67823345655,104884.7087240575,Rukomo (2),Congested,50
Link Rugarika – Nduba,primary,20.316201698830522,2720.5279874321077,2.2671066561934237,2.5865973129807687,5.518431896090874,30.0,17529.54391145469,110541.59063996833,Jali,Congested,51
Link Kibeho – Cyanika (1),primary,34.74925637028455,2244.9650277907963,1.8708041898256635,2.3942444317390588,8.08252976007321,30.0,17329.409914434673,156021.73058605072,Mata,Congested,52
Link Cyato – Giheke,primary,44.89448102776029,1909.0624028821173,1.5908853357350974,2.2934403935491647,9.61023741642777,30.0,17240.562061874156,171412.73165400338,Bushekeri,Congested,53
Link Giheke – Buruhukiro,primary,76.68646934513929,1551.089829499566,1.292574857916305,2.0635221961252976,12.682715151253788,29.999999999999996,17233.113857433662,237895.20532295157,Rangiro,Congested,54
Link Nyarusange – Rongi,primary,28.458635921804863,2115.626406815725,1.7630220056797707,2.479025647301659,7.647730274968963,30.0,16201.977890693324,120415.68331624988,Rugendabari,Congested,55
Link Cyanika (1) – Buruhukiro,primary,23.93703365949883,2602.248043944257,2.1685400366202146,2.443319162891709,6.468962988166948,30.000000000000004,16004.34148743575,124580.19803651735,Kibirizi (2),Congested,56
Link Musambira – Byimana,primary,19.982911212321635,2748.889245457962,2.290741037881635,2.464262406031058,5.689613335229666,29.999999999999996,15996.255281225061,109861.61944898454,Musambira,Congested,57
Link Bushekeri – Cyato,primary,22.372438747347168,2512.677954046574,2.0938982950388114,2.4451225823915634,6.861049072825114,29.999999999999996,13889.356920677812,112429.46723743316,Kagano,Congested,58
Link Mwulire – Rukara,primary,15.338118312760372,2820.0769255542227,2.3500641046285193,2.4097426865269225,5.363939062224845,30.0,13278.360330187297,86509.34707047239,Muhazi,Congested,59
Link Gakenke – Butaro,primary,31.997051433287798,2289.4523619259426,1.9078769682716186,2.2417931479623445,8.943017701250296,30.0,12724.750815241012,146511.44995721322,Rugengabari,Congested,60
Link Kibeho – Muganza (1),primary,39.198451337677724,1723.145065765884,1.43595422147157,2.218582130135581,10.598088348962035,30.0,12669.468286672562,135089.23601636698,Ngera,Congested,61
Link Muhondo – Gakenke,primary,28.43246237438443,1736.31006574434,1.44692505478695,2.3587629837527797,9.014944231329556,30.0,12463.7310972055,98735.1412290818,Muyongwe,Congested,62
Link Mukingo – Kinazi (2),primary,25.167362427461832,2179.735326545503,1.816446105454586,2.3996198860672915,8.196177008769029,30.0,12445.184012495516,109716.37791822509,Ruhango (1),Congested,63
Link Nyabirasi – Ruhango (2),primary,31.386318727744957,2404.304997976025,2.003587498313354,2.0132433105821135,8.778081588014002,30.0,12163.65372686983,150924.56597037142,Kigeyo,Congested,64
Link Muhondo – Nduba,primary,23.831578246962966,1926.9564481261425,1.605797040105119,2.397920626028723,8.54072509116001,30.0,11387.474158155843,91844.826744016,Ngoma (3),Congested,65
Link Rwempasha – Rwimiyaga,primary,22.986312980493526,1816.4429675991705,1.5137024729993087,2.395752467353386,8.614029847631318,29.999999999999996,10898.91437685914,83506.65312890199,Rwempasha,Congested,66
Link Byumba – Nyagihanga,primary,32.018709409541366,1591.8167786870326,1.326513982239194,2.236351895902849,10.423133214541458,30.0,10748.634323425234,101935.83774002464,Bwisige,Congested,67
Link Mukingo – Byimana,primary,30.52566486010841,1726.0005165522691,1.4383337637935576,2.2317715160946414,10.439855099561427,30.0,10161.06210671872,105374.62663329713,Ruhango (1),Congested,68
Link Muganza (1) – Mamba,primary,35.48124524375411,2163.267317272994,1.802722764394162,2.0801511468849467,10.675428899242869,30.000000000000004,10048.930565425966,153510.83642392227,Ndora,Congested,69
Link Mukingo – Mamba,primary,29.32598053480291,2335.0517654535583,1.9458764712112986,2.018083233885708,9.468694346419674,30.0,9952.988445474615,136955.36524289643,Ntyazo,Congested,70
Link Mugano – Mukura (2),primary,31.997735305940473,1829.8659073132271,1.524888256094356,2.184639722237117,10.907586736665111,30.0,9646.701776848182,117103.12989514649,Ruganda,Congested,71
Link Byimana – Kinazi (2),primary,24.334923983033253,2363.340813172414,1.9694506776436784,2.1769432748160047,8.804729589715642,30.0,9618.13320221983,115023.43806910138,Mbuye,Congested,72
Link Karangazi – Rwempasha,primary,21.370436145928664,2230.7091066175435,1.8589242555146197,2.3298591502744657,8.600186263787137,29.999999999999996,9463.174821011706,95342.45304622359,Nyagatare,Congested,73
Link Rongi – Muhondo,primary,30.360649729597554,1429.1479295103911,1.1909566079253258,2.1886562827353986,11.025084625254621,30.000000000000004,9148.554064086395,86779.71939928913,Ruli,Congested,74
Link Kiyombe – Nyagihanga,primary,26.337493016702656,1845.5512362621885,1.5379593635518236,2.2412001134337074,10.243511688853182,30.0,8999.742115135934,97214.38559404468,Mimuri,Congested,75
Link Mutete – Nyagihanga,primary,26.968624215296572,2199.764704860884,1.833137254050737,2.1118538979380985,10.240021799013867,30.0,8265.618080450007,118649.2553749319,Ruvune,Congested,76
Link Butare – Buruhukiro,primary,67.12186164376028,1412.8114465801436,1.1773428721501198,1.820273831800009,16.39781293166758,30.0,8065.756878021307,189661.06889214646,Butare,Congested,77
Link Buruhukiro – Mugano,primary,28.07694421290369,2131.07979302844,1.7758998275236997,2.0901799501916596,10.815453214064103,30.0,7844.535489098413,119668.41692421169,Kaduha,Congested,78
Link Musambira – Kinazi (2),primary,28.775598752365813,2069.795827131838,1.7248298559431987,2.0869589010406755,11.188467985490973,30.0,7646.397468199513,119119.22844173377,Mbuye,Congested,79
Link Butare – Bushekeri,primary,31.415530087315144,1623.6492166169485,1.353041013847457,2.087822170972854,12.315142732783581,30.0,7494.643658644833,102015.60163175082,Ruharambuga,Congested,80
Link Byumba – Gakenke,primary,30.9358221750148,2161.04983584048,1.8008748632003997,1.9218323709623326,11.448457639575587,30.0,7349.638662763202,133707.706865812,Ruhunde,Congested,81
Link Nyamugari – Gahara,primary,25.835940303340028,2089.5923174682134,1.7413269312235113,2.028413776471865,11.515903502940073,30.0,6331.244030279506,107973.16474485342,Kigarama (2),Congested,82
Link Mutete – Murambi (3),primary,32.186219943935,2050.0223674951576,1.7083519729126315,1.862471947926884,12.820010877554424,30.0,6079.2882719927275,131964.94162037098,Rwamiko,Congested,83
Link Mwulire – Murambi (3),primary,24.414053079033668,2135.2056845306533,1.7793380704422113,1.9668116742679256,11.521144998475929,29.999999999999996,5808.611983277084,104258.04983357157,Musha (2),Congested,84
Link Butare – Cyato,primary,47.66713800609833,1867.2327143083178,1.5560272619235982,1.6803107312092775,15.681834144569798,30.0,5551.721687734703,178011.2789648723,Bushekeri,Congested,85
Link Gahara – Rurenge,primary,26.420609073050638,2059.8819486785887,1.7165682905654907,1.9415070497879074,12.310523789792502,30.0,5543.669409694643,108846.6714053415,Murama (2),Congested,86
Link Juru – Muyumbu,primary,19.79540654124788,2137.6328135708363,1.7813606779756965,2.026999018497503,11.180302126128952,30.0,5078.841016426591,84630.62116109248,Masaka,Congested,87
Link Mugesera – Muyumbu,primary,22.95730828553186,1284.4580015635622,1.0703816679696352,2.0375279083663265,13.085337813070325,30.000000000000004,4837.157093434102,58975.39664342572,Muyumbu,Congested,88
Link Nyagihanga – Karangazi,primary,30.204631315346603,1750.4158126191485,1.4586798438492905,1.8908562311683588,14.691475289927277,30.0,4586.9867468115,105741.3285374284,Katabagemu,Congested,89
Link Mwiri – Mwulire,primary,23.71703412887117,1904.7561558787602,1.5872967965656335,1.9282339439546452,13.526954597372422,30.000000000000004,4221.224337429014,90350.33351230802,Nyamirama,Congested,90
Link Rurenge – Mwiri,primary,24.444683967917907,2025.183105639349,1.6876525880327908,1.6948507084498636,13.532137010682268,30.0,4016.6123612417414,99009.92198904078,Remera (4),Congested,91
Link Karangazi – Kabarore,primary,33.947144718272085,1888.2404587116332,1.5735337155930278,1.6462464891942261,15.532945313030057,30.0,4013.752073016497,128200.74422956056,Karangazi,Congested,92
Link Musambira – Muhondo,primary,29.371254940436685,1926.7845235644822,1.6056537696370687,1.7198410680131524,14.798095051806119,30.0,3952.237132554543,113184.1589138005,Rukoma,Congested,93
Link Kamabuye – Mayange,primary,17.237823120849146,1520.9687674493207,1.2674739728744342,2.063082480555776,12.698784179535574,30.0,3868.016942997315,52436.38117125466,Mareba,Congested,94
Link Mwiri – Rukara,primary,24.788889048140522,1696.5551456294652,1.4137959546912209,1.908381310093686,14.646195708775956,30.0,3862.3397410495463,84111.4345381214,Mukarange (2),Congested,95
Link Mpanga – Nyamugari,primary,26.454865011899553,1831.1668567966385,1.5259723806638654,1.8487794253839687,14.753874318613324,30.000000000000004,3828.53323632259,96886.54402163894,Nyarubuye,Congested,96
Link Mugano – Mukingo,primary,29.73860177864593,1856.2428729729709,1.5468690608108093,1.7085232882844896,15.664118929166198,30.0,3507.657806794,110404.13520758564,Cyabakamyi,Congested,97
Link Rukara – Murundi (2),primary,21.17838263197781,1981.6731568860112,1.651394297405009,1.8232405488852108,13.710051829907554,30.0,3461.067654394993,83937.26473610268,Murundi (2),Congested,98
Link Bigogwe – Kinigi,primary,36.5788205092136,1490.562933496772,1.2421357779139766,1.7242304948954734,17.773367949983374,29.999999999999996,3400.3659285383183,109046.06800413062,Gataraga,Congested,99
Link Rurenge – Jarama,primary,22.69611070378726,1961.8263023360998,1.6348552519467499,1.7612845396354506,14.217816880660203,30.0,3371.5408106579553,89051.65387884347,Gashanda,Congested,100
Link Twumba – Cyato,primary,32.91640049762423,1298.9544979143602,1.0824620815953,1.7468017667180096,17.641017219249736,30.0,3214.5695390172486,85513.81296307896,Mahembe,Congested,101
Link Ntarama – Juru,primary,15.256933285379697,2119.2205759419085,1.766017146618257,1.8377303895568136,12.128602217970078,30.0,3196.920238683571,64665.61388829927,Nyamata,Congested,102
Link Mwulire – Mugesera,primary,21.03772596431245,1775.5507147393744,1.4796255956161455,1.8481516972548662,15.080572022015073,29.999999999999996,2935.440906849295,74707.09874485213,Rubona,Congested,103
Link Kinazi (2) – Ntarama,primary,27.414302383915963,1172.7834482377848,0.9773195401981538,1.7578637520511866,17.479875836757376,30.0,2760.9728549887545,64302.08016168457,Mugina,Near capacity,104
Link Kiyombe – Karangazi,primary,27.115702660295987,1803.4481041257409,1.5028734201047842,1.5674566556329759,16.913875356834332,30.0,2540.787424714167,97803.52510949622,Nyagatare,Congested,105
Link Twumba – Mugano,primary,35.23587498919471,1572.6963126470057,1.3105802605391714,1.612745365767692,18.92832577364006,30.0,2527.0247044283356,110830.66133679476,Ruganda,Congested,106
Link Cyanika (1) – Mugano,primary,32.72629099337988,1316.1262025381614,1.0967718354484677,1.664775786733259,18.963997215028492,30.0,2519.001407789915,86143.85817655177,Mbazi (2),Congested,107
Link Muhanda – Nyarusange,primary,28.54332792932339,1151.0288888027023,0.9591907406689186,1.6866536983295923,18.666199443439314,30.0,2337.7966432678645,65708.39005844048,Gatumba,Near capacity,108
Link Mpanga – Rurenge,primary,29.048434971486795,1511.8521512073582,1.2598767926727987,1.6618166959803882,18.60314757546088,30.0,2289.9810371899985,87833.87780169873,Kabare,Congested,109
Link Ntarama – Mayange,primary,14.874739203952313,1902.6736059534992,1.5855613382945826,1.7244800768548927,15.062104589791618,30.0,1926.5711187804566,56603.54735760366,Nyamata,Congested,110
Link Rwempasha – Nyagihanga,primary,40.45436984997018,929.6990364901226,0.774749197075102,1.5058527084238136,21.650513750561625,30.000000000000004,1879.443056459286,75220.77734266467,Nyagatare,Busy,111
Link Rukara – Murambi (3),primary,26.25418091905015,1694.279361875768,1.411899468229807,1.4402457957272423,18.779058554327097,30.0,1774.7858564297078,88963.8337881985,Kiramuruzi,Congested,112
Link Kiyombe – Byumba,primary,35.32813088726021,1079.8391755523025,0.8998659796269187,1.5112272432289569,21.55632416826191,30.000000000000004,1671.2095020840889,76297.3994622058,Kiyombe,Near capacity,113
Link Kabarore – Murambi (3),primary,32.88747813269732,975.4015705977912,0.812834642164826,1.5299495764768216,21.262449720194677,30.0,1654.1231038832111,64156.99564726695,Remera (3),Near capacity,114
Link Rweru – Mayange,primary,17.802578946657352,1221.8551480653991,1.0182126233878328,1.7270613371683923,17.986229359507448,29.999999999999996,1641.546033227562,43504.34546962795,Mayange,Congested,115
Link Murundi (2) – Mwulire,primary,35.99608147106475,882.9692389002012,0.735807699083501,1.4518967140170875,22.50096589283093,30.000000000000004,1393.4297814245201,63566.86531979135,Gahini,Busy,116
Link Kabarore – Rukara,primary,31.315451957713243,961.0820529629399,0.80090171080245,1.4382182171403228,22.71098229030941,30.0,1156.2243971787009,60193.43771396272,Kiziguro,Near capacity,117
Link Cyanika (1) – Mukingo,primary,32.723205717986374,1212.9679189827546,1.0108065991522954,1.4208121146541028,22.8065708217269,30.0,1152.18598448556,79384.39748438101,Nyagisozi (1),Congested,118
Link Kamabuye – Ntarama,primary,28.179387271595978,904.606480488402,0.7538387337403352,1.4608062224333356,22.36248303111869,30.0,1124.7237381252987,50982.51268415622,Musenyi,Busy,119
Link Bushekeri – Twumba,primary,54.31793822810779,713.877962912733,0.5948983024272776,1.1878388022860034,26.102599354579294,30.0,770.6941581550501,77552.7581838025,Kirimbi,Free,120
Link Mukura (2) – Nyarusange,primary,29.05022871588622,966.032067371957,0.8050267228099641,1.3440264509148743,24.09428325625533,30.000000000000004,764.666043415694,56126.90500807152,Nyange (1),Near capacity,121
Link Nyamugari – Rurenge,primary,39.27717795611078,786.6200397926382,0.6555166998271984,1.2547520101675738,25.297103514514944,30.0,732.9614038073496,61792.43057355679,Mushikiri,Busy,122
Link Rwimiyaga – Nyagihanga,primary,62.540156550059564,1359.1125450012983,1.1325937875010819,1.1325937875010819,24.061128242591735,30.0,699.328278394333,84999.11133353107,Nyagatare,Congested,123
Link Kinazi (2) – Kamabuye,primary,28.13655924557481,1283.169675007019,1.069308062505849,1.2743459203644658,24.200586446141518,30.0,648.7687823235134,72207.95916591992,Shyara,Congested,124
Link Mugesera – Juru,primary,26.620779238662013,859.3568327082455,0.716130693923538,1.290750312559132,24.83020557082979,30.0,572.2556479181983,45753.497061524016,Nyakaliro,Busy,125
Link Mpanga – Mwiri,primary,28.647811916639426,1110.0561216896506,0.925046768074709,1.208388236105999,25.583477498362136,30.000000000000004,461.5722782700046,63601.35798215863,Kabare,Near capacity,126
Link Mamba – Kamabuye,primary,35.35761847300701,724.5480295185273,0.6037900245987727,1.1614015329148342,26.397859549129958,29.999999999999996,448.27681061025845,51236.585586170215,outside,Busy,127
Link Ruhango (2) – Twumba,primary,36.50978723493208,1095.8125691009934,0.9131771409174945,1.10170849361669,26.521166818336454,30.0,399.3158589153785,80015.76749448315,outside,Near capacity,128
Link Mukura (2) – Muhanda,primary,30.058172428916656,1113.4773193308067,0.9278977661090058,1.1234811833853455,26.291386575661896,30.0,360.7909944281558,66938.18652026656,Rusebeya,Near capacity,129
Link Rweru – Juru,primary,22.558800826886422,769.328362644825,0.6411069688706876,1.214290979641786,25.79394989120628,30.000000000000004,357.3397608489473,34710.25060675851,Rilima,Busy,130
Link Mugesera – Jarama,primary,21.89012634017371,966.7171097299148,0.8055975914415956,1.198794737810663,25.927658713035086,30.0,326.7466072847376,42323.11933439081,Mugesera,Near capacity,131
Link Jarama – Gahara,primary,29.06950424669614,829.8756259180375,0.6915630215983646,1.0986003023527275,27.033330085696704,29.999999999999996,279.4429789210146,48248.146063708016,Mutenderi,Busy,132
Link Rweru – Kamabuye,primary,26.529464549710806,742.7246809751005,0.618937234145917,1.0236687660944706,27.71325139505958,30.000000000000004,178.99924527122758,39408.17618824839,Ngeruka,Busy,133
Link Mayange – Juru,primary,16.69238931962901,1090.2729247387879,0.9085607706156568,1.0235716035491185,26.97680034646935,30.0,144.04480158588314,36398.52024878086,Mayange,Near capacity,134
Link Kibeho – Buruhukiro,primary,43.5746659580773,747.873539057811,0.6232279492148424,0.8362405309166838,28.87947276359988,30.0,109.95267615381617,65176.67928665837,Kitabi,Busy,135
Link Rurenge – Mugesera,primary,26.994135460661212,804.4357406296157,0.6703631171913464,0.8879464946544061,28.577523717657687,30.0,92.485691355678,43430.09470390635,Karembo,Busy,136
Link Butaro – Byumba,primary,38.61670833702987,694.7760919427946,0.5789800766189955,0.7559026179550191,29.227055593387703,30.0,59.61579031810248,53659.93140419269,outside,Free,137
Link Rwimiyaga – Kiyombe,primary,42.90681272521469,390.73254943282103,0.32561045786068415,0.5866498861468565,29.735807370521112,30.000000000000004,17.888728571751315,33530.17664831949,Rwempasha,Free,138
Link Rweru – Jarama,primary,24.66370915231038,508.723062167398,0.4239358851394984,0.6236409803908415,29.65791141031252,30.0,14.043803348635752,25093.99528873883,Rweru,Free,139
Link Cyato – Buruhukiro,primary,39.99688681581965,397.98396770430867,0.3316533064202572,0.539881586606213,29.80954369261449,30.000000000000004,11.013900373600531,31836.239421560113,Cyato,Free,140
Link Rwimiyaga – Karangazi,primary,36.991103004130196,456.3149047532221,0.38026242062768506,0.5347475228967068,29.811364039851327,30.0,9.835142434058424,33759.183288092594,Rwimiyaga,Free,141
Link Gahara – Mpanga,primary,36.825845828173904,550.9893957895529,0.45915782982462744,0.48131996219202516,29.798550908784673,30.0,9.229053149149232,40581.301084609535,Mushikiri,Free,142
Link Murundi (2) – Kabarore,primary,29.351586586818332,494.90811182697075,0.41242342652247566,0.446734643472712,29.865004928795646,30.0,4.4945977691517465,29052.676593616205,Murundi (2),Free,143
Link Buruhukiro – Twumba,primary,41.81259784321234,304.6734965446262,0.25389458045385516,0.4435068223100105,29.913160680351044,30.0,4.3051442286748145,25478.380769011597,Mutuntu,Free,144
Link Nyamugari – Mwiri,primary,51.800103966718325,175.89760037162404,0.14658133364302003,0.2898803740662839,29.984120828395618,30.0,0.6361740459891094,18223.027973492794,Mushikiri,Free,145
Link Murundi (2) – Mwiri,primary,33.31793724783988,199.57474012593246,0.16631228343827706,0.1871210650087398,29.99623347042323,30.0,0.058898487593997254,13298.837335539538,Mwiri,Free,146
