Corridor,Alternative,Class,Added veh/h,v/c after,Spare cap. veh/h
Link Bigogwe – Nyabirasi,Link Mamba – Ruhashya,primary,16038.914391275735,17.520406779310953,0.0
Link Bigogwe – Nyabirasi,Link Muganza (1) – Mamba,primary,10305.015987806777,10.112807705075692,0.0
Link Bigogwe – Nyabirasi,Link Muhanda – Muzo,primary,9426.971290110558,9.93180437575924,0.0
Link Ruhashya – Cyanika (1),Link Mamba – Ruhashya,primary,16038.914391275735,17.520406779310953,0.0
Link Ruhashya – Cyanika (1),Link Muhanda – Muzo,primary,13956.375165872552,14.648123417804708,0.0
Link Ruhashya – Cyanika (1),Link Bigogwe – Muzo,primary,12250.084907325268,13.170747705670085,0.0
Link Ruhashya – Muganza (1),Link Mamba – Ruhashya,primary,16038.914391275735,17.520406779310953,0.0
Link Ruhashya – Muganza (1),Link Muhanda – Muzo,primary,13956.375165872552,14.648123417804708,0.0
Link Ruhashya – Muganza (1),Link Bigogwe – Muzo,primary,12250.084907325268,13.170747705670085,0.0
Link Kibeho – Ruhashya,Link Mamba – Ruhashya,primary,16038.914391275735,17.520406779310953,0.0
Link Kibeho – Ruhashya,Link Muhanda – Muzo,primary,13956.375165872552,14.648123417804708,0.0
Link Kibeho – Ruhashya,Link Bigogwe – Muzo,primary,12250.084907325268,13.170747705670085,0.0
Link Bumbogo – Jali,Link Mamba – Ruhashya,primary,16038.914391275735,17.520406779310953,0.0
Link Bumbogo – Jali,Link Muhanda – Muzo,primary,13956.375165872552,14.648123417804708,0.0
Link Bumbogo – Jali,Link Bigogwe – Muzo,primary,12250.084907325268,13.170747705670085,0.0
Link Mamba – Ruhashya,Link Muhanda – Muzo,primary,13956.375165873153,14.648123417805209,0.0
Link Mamba – Ruhashya,Link Bigogwe – Muzo,primary,12250.084907325268,13.170747705670085,0.0
Link Mamba – Ruhashya,Link Nyabirasi – Muhanda,primary,10882.65977359754,11.681411425671724,0.0
