From,To,Vehicles/h,Free-flow min
Nyabirasi,Bigogwe,13929.837133771547,37.64908725923806
Gacaca,Kinigi,9523.422286883586,24.022155632058535
Butare,Giheke,9033.975544524712,47.51438063868492
Jali,Bumbogo,7447.878233540799,19.72399064222038
Bumbogo,Jali,6964.6314012690145,19.72399064222038
Muganza (1),Ruhashya,6940.843682564154,37.555309583753946
Nduba,Jali,6249.782685587215,22.861543515740234
Muyumbu,Bumbogo,6082.738902907825,27.749815775940412
Ruhashya,Muganza (1),5937.344317872319,37.555309583753946
Gahanga,Jali,5811.807247701104,18.266500176993723
Butaro,Gacaca,5784.640031325423,50.25111655112254
Bigogwe,Nyabirasi,5675.290201549433,37.64908725923806
Twumba,Mukura (2),5605.972203759771,42.45942589758287
Jali,Gahanga,5554.158380940418,18.266500176993723
Kabarore,Nyagihanga,5463.097763781533,45.237175119200884
Mamba,Ruhashya,5349.874196357328,51.78541200004834
Byumba,Mutete,5257.720553989263,50.98901824435507
Kibeho,Ruhashya,5060.922949574868,67.91645328576682
Rukara,Mwulire,5021.758923432118,30.676236625520744
Cyato,Bushekeri,5000.472562322676,44.744877494694336
Kinigi,Gacaca,4821.778827695608,24.022155632058535
Rugarika,Jali,4714.614871277427,26.85183658992514
Nyarusange,Byimana,4710.904728640536,37.58483491128117
Mwulire,Rukara,4503.545990345358,30.676236625520744
Giheke,Butare,4383.5086877280555,47.51438063868492
Kiyombe,Rwempasha,4123.773906013792,40.50325743856916
Buruhukiro,Cyanika (1),4052.799975240586,47.87406731899766
Gahanga,Bumbogo,3906.9527178797257,20.940273989861343
Rwimiyaga,Rwempasha,3803.0634396967175,45.97262596098705
Byimana,Musambira,3718.9750109341016,39.96582242464327
Musambira,Rugarika,3644.140960609826,33.46120214937216
Cyanika (1),Ruhashya,3606.7818473531875,52.86055554759028
Mukura (2),Twumba,3572.540056847982,42.45942589758287
Kamabuye,Mayange,3553.046120919568,34.47564624169829
Bushekeri,Giheke,3506.9062801455366,45.219606994160685
Bumbogo,Gahanga,3491.4898345475826,20.940273989861343
Mukingo,Kinazi (2),3459.9025196353577,50.334724854923664
Nyamugari,Gahara,3450.364834311746,51.671880606680055
Gakenke,Gacaca,3347.826309242513,63.86223152702358
Nyagihanga,Kabarore,3321.05066542072,45.237175119200884
