From,To,Best km,Best min,Free-flow min,Congestion delay min,Best via,Alt km,Alt min,Alt extra min,Alt via
Nyabirasi,Bigogwe,109.35297338729549,2394.3573912176425,218.70594677459098,2175.6514444430513,Link Nyabirasi – Muhanda → Link Muhanda – Muzo → Link Bigogwe – Muzo,54.75285126620493,2498.5085142678336,104.15112305019102,Link Nyabirasi – Rambura → Link Rambura – Bigogwe
Gacaca,Kinigi,12.011077816029267,957.0473716424517,24.022155632058535,933.0252160103931,Link Kinigi – Gacaca,63.99850892641989,1113.2196049818187,156.17223333936704,Link Muzo – Gacaca → Link Kinigi – Muzo
Butare,Giheke,92.56161903385862,671.7398121677347,185.12323806771724,486.6165741000175,Link Butare – Cyato → Link Cyato – Giheke,54.02533358439548,760.2765564012834,88.53674423354869,Link Butare – Bushekeri → Link Giheke – Bushekeri
Jali,Bumbogo,9.86199532111019,1228.7986010137968,19.72399064222038,1209.0746103715765,Link Bumbogo – Jali,26.02250767725793,1819.3701974790902,590.5715964652934,Link Jali – Nduba → Link Nduba – Bumbogo
Bumbogo,Jali,9.86199532111019,1118.2320127045775,19.72399064222038,1098.5080220623572,Link Bumbogo – Jali,74.44843708797116,1798.4155462661142,680.1835335615367,Link Muyumbu – Bumbogo → Link Juru – Muyumbu → Link Ntarama – Juru → Link Ntarama – Jali
Muganza (1),Ruhashya,61.37395124377828,2494.7407797282435,122.74790248755656,2371.992877240687,Link Muganza (1) – Mamba → Link Mamba – Ruhashya,18.777654791876973,2865.6450747196686,370.9042949914251,Link Ruhashya – Muganza (1)
Nduba,Jali,11.430771757870117,1685.167373307598,22.861543515740234,1662.3058297918576,Link Jali – Nduba,29.13442120385222,1861.2266209118354,176.0592476042375,Link Nduba – Gahanga → Link Jali – Gahanga
Muyumbu,Bumbogo,13.874907887970206,1813.1108817965999,27.749815775940412,1785.3610660206596,Link Muyumbu – Bumbogo,30.660369480146763,2044.8456126696287,231.73473087302887,Link Muyumbu – Gahanga → Link Gahanga – Bumbogo
Ruhashya,Muganza (1),73.15667798056114,436.80813614564676,146.31335596112228,290.4947801845245,Link Kibeho – Ruhashya → Link Kibeho – Muganza (1),18.777654791876973,451.8407019051602,15.032565759513432,Link Ruhashya – Muganza (1)
Gahanga,Jali,9.133250088496862,1473.752704122098,18.266500176993723,1455.4862039451043,Link Jali – Gahanga,30.642178250149136,1667.8585439917535,194.10583986965548,Link Gahanga – Rugarika → Link Rugarika – Jali
Butaro,Gacaca,25.12555827556127,906.9618648548443,50.25111655112254,856.7107483037217,Link Gacaca – Butaro,63.92816719679959,997.8628566778892,90.90099182304493,Link Gakenke – Butaro → Link Gakenke – Gacaca
Bigogwe,Nyabirasi,18.82454362961903,284.07651575043116,37.64908725923806,246.4274284911931,Link Bigogwe – Nyabirasi,109.35297338729549,292.4874041404272,8.410888389996046,Link Bigogwe – Muzo → Link Muhanda – Muzo → Link Nyabirasi – Muhanda
