Hour,Clock,Window,Vehicle trips /h,Avg speed km/h,Free-flow km/h,Delay veh-h,Road km over capacity %,Speed index
0,00:00–01:00,OFFPEAK,17305.479271447013,29.99859981032922,30.0,0.6373561004129442,0.0,0.9999533270109741
1,01:00–02:00,OFFPEAK,12979.10945358526,29.99955695710154,30.0,0.15124759023274237,0.0,0.9999852319033846
2,02:00–03:00,OFFPEAK,12979.10945358526,29.99955695710154,30.0,0.15124759023274237,0.0,0.9999852319033846
3,03:00–04:00,OFFPEAK,21631.84908930877,29.996581798145215,30.0,1.9450564587750705,0.0,0.9998860599381738
4,04:00–05:00,OFFPEAK,64895.5472679263,29.725626619358508,30.0,472.6487194830406,0.0,0.9908542206452836
5,05:00–06:00,AM,173054.79271447012,23.89530445543261,30.0,52026.44263769471,14.913995705604375,0.7965101485144203
6,06:00–07:00,AM,324477.7363396315,7.215708734482238,30.0,1205675.6554565264,59.16291471506232,0.24052362448274126
7,07:00–08:00,AM,432636.9817861753,2.732349459723138,30.0,5080707.288837379,67.97697933687107,0.0910783153241046
8,08:00–09:00,AM,389373.28360755777,3.974778411139319,30.0,3000106.8469855846,65.26587364402211,0.13249261370464396
9,09:00–10:00,AM,259582.18907170516,13.081293316466422,30.0,395075.7987799945,43.61162003558112,0.43604311054888073
10,10:00–11:00,AM,199013.01162164065,20.734979081822654,29.999999999999996,104643.75933938386,24.357459471277995,0.6911659693940886
11,11:00–12:00,OFFPEAK,181707.53235019362,19.14071488978545,29.999999999999996,81344.58397031907,11.016452916911867,0.6380238296595151
12,12:00–13:00,OFFPEAK,173054.79271447015,20.453359973779932,30.0,63735.61004123581,11.016452916911867,0.6817786657926644
13,13:00–14:00,OFFPEAK,173054.79271447015,20.453359973779932,30.0,63735.61004123581,11.016452916911867,0.6817786657926644
14,14:00–15:00,OFFPEAK,186033.9021680554,18.480502775489523,30.0,91500.7108966528,11.421913098669737,0.616016759182984
15,15:00–16:00,OFFPEAK,237950.33998239646,11.242748955625816,30.000000000000004,313253.2877426476,17.08868332534255,0.37475829852086046
16,16:00–17:00,PM,346109.58542894025,5.860308913969473,30.000000000000004,1651458.710537826,58.06949445546533,0.1953436304656491
17,17:00–18:00,PM,411005.1326968665,3.2640040902279233,30.0,3899741.42237091,65.0895047529927,0.10880013634093078
18,18:00–19:00,PM,367741.434518249,4.800300344882865,30.0,2236209.1163331075,61.345855612077145,0.1600100114960955
19,19:00–20:00,PM,259582.18907170516,13.024589307107059,30.0,391898.89322333137,42.850377047347806,0.43415297690356863
20,20:00–21:00,PM,173054.79271447012,23.857826365289775,30.000000000000004,51608.08470430708,15.320986704437942,0.7952608788429923
21,21:00–22:00,OFFPEAK,121138.35490012912,26.97678999427174,29.999999999999996,10712.043979630515,5.856494764860661,0.8992263331423914
22,22:00–23:00,OFFPEAK,69221.91708578805,29.64576738351152,30.0,652.652646822251,0.0,0.9881922461170506
23,23:00–00:00,OFFPEAK,34610.958542894026,29.977612638543693,30.0,20.395395213192387,0.0,0.9992537546181232
